ssn,age,education,marital-status,relationship,sex,income
723-72-3723,24.0,HS-grad,Never-married,Own-child,Female,
940-94-0940,38.0,12th,Divorced,Unmarried,,<=50K
545-54-5545,19.0,,Never-married,Own-child,Male,
013-01-3013,25.0,Preschool,Never-married,Own-child,,
039-03-9039,52.0,Some-college,Divorced,Not-in-family,,<=50K
157-15-7157,70.0,Bachelors,Never-married,Unmarried,Female,<=50K
083-08-3083,31.0,HS-grad,,Not-in-family,Female,
768-76-8768,,,,,Male,
222-22-2222,40.0,Assoc-acdm,Divorced,,,<=50K
725-72-5725,77.0,Masters,Widowed,Not-in-family,Female,
111-11-1111,37.0,,Widowed,,,
460-46-0460,46.0,Masters,Never-married,Own-child,Male,
996-99-6996,19.0,,Never-married,Own-child,,<=50K
660-66-0660,,Prof-school,Married-civ-spouse,,,
585-58-5585,29.0,,Married-civ-spouse,Husband,,<=50K
733-73-3733,78.0,Bachelors,Married-AF-spouse,Husband,Female,
283-28-3283,56.0,,Married-civ-spouse,Husband,,<=50K
427-42-7427,54.0,,Married-civ-spouse,,Male,<=50K
478-47-8478,60.0,,Separated,Wife,,
869-86-9869,46.0,Some-college,Married-civ-spouse,,,<=50K
286-28-6286,24.0,Some-college,,,,
773-77-3773,60.0,HS-grad,Married-civ-spouse,,Male,
238-23-8238,40.0,Bachelors,Separated,Not-in-family,,
657-65-7657,38.0,Assoc-voc,,,Male,
631-63-1631,35.0,HS-grad,Married-civ-spouse,Husband,,
959-95-9959,19.0,Some-college,Never-married,Own-child,,<=50K
548-54-8548,33.0,HS-grad,Married-civ-spouse,Husband,,
710-71-0710,25.0,HS-grad,Never-married,,Male,
626-62-6626,,HS-grad,,Own-child,Male,<=50K
535-53-5535,40.0,Some-college,Divorced,Not-in-family,Female,<=50K
615-61-5615,30.0,,,Husband,Male,>50K
814-81-4814,31.0,,,Wife,Female,<=50K
892-89-2892,,Bachelors,Never-married,Not-in-family,,
577-57-7577,24.0,Some-college,Never-married,Own-child,Male,<=50K
482-48-2482,37.0,Some-college,Married-civ-spouse,Husband,Male,
693-69-3693,20.0,,Never-married,Own-child,Female,
447-44-7447,18.0,12th,,Own-child,Male,>50K
291-29-1291,71.0,Bachelors,Widowed,Own-child,,<=50K
325-32-5325,34.0,,Divorced,,,<=50K
091-09-1091,28.0,Some-college,Separated,Unmarried,Female,
547-54-7547,49.0,Bachelors,Divorced,Not-in-family,,>50K
896-89-6896,,Some-college,,Not-in-family,Male,
888-88-8888,37.0,5th-6th,Never-married,Unmarried,,
070-07-0070,64.0,HS-grad,Married-civ-spouse,Husband,Male,>50K
058-05-8058,30.0,Some-college,,Unmarried,Female,<=50K
278-27-8278,54.0,HS-grad,Divorced,Unmarried,,
506-50-6506,44.0,Bachelors,Married-civ-spouse,Husband,,>50K
367-36-7367,46.0,Assoc-voc,,Husband,Male,<=50K
247-24-7247,29.0,HS-grad,Separated,Not-in-family,,
562-56-2562,29.0,,,Not-in-family,Male,
680-68-0680,82.0,,,Own-child,,<=50K
842-84-2842,21.0,Some-college,,Not-in-family,Female,
031-03-1031,23.0,,,,Male,
705-70-5705,25.0,Some-college,Married-civ-spouse,Husband,Male,
927-92-7927,46.0,Some-college,Married-civ-spouse,Husband,Male,<=50K
948-94-8948,53.0,,Married-civ-spouse,Husband,,
537-53-7537,55.0,Preschool,Widowed,Unmarried,Female,
713-71-3713,43.0,Bachelors,Married-civ-spouse,Husband,,>50K
696-69-6696,66.0,11th,Widowed,Not-in-family,,<=50K
440-44-0440,77.0,Bachelors,Married-AF-spouse,Husband,Female,
712-71-2712,50.0,,Married-civ-spouse,Husband,Male,
599-59-9599,32.0,HS-grad,Married-civ-spouse,Husband,,>50K
473-47-3473,41.0,HS-grad,,Unmarried,Female,<=50K
516-51-6516,63.0,Assoc-voc,Married-civ-spouse,Husband,,>50K
385-38-5385,45.0,HS-grad,Married-civ-spouse,Husband,,
274-27-4274,35.0,Assoc-acdm,,Not-in-family,Male,
846-84-6846,19.0,10th,Never-married,,,
881-88-1881,57.0,,Married-civ-spouse,Husband,Male,
584-58-4584,19.0,11th,,,,
952-95-2952,,Some-college,Married-civ-spouse,Husband,,
033-03-3033,,HS-grad,Separated,,,
014-01-4014,70.0,7th-8th,Never-married,Not-in-family,,
650-65-0650,33.0,,Never-married,,Male,<=50K
322-32-2322,23.0,Some-college,,Own-child,Male,<=50K
204-20-4204,55.0,Masters,Widowed,Wife,Male,
126-12-6126,41.0,Some-college,Married-civ-spouse,Husband,Male,<=50K
849-84-9849,73.0,10th,Married-civ-spouse,Husband,,<=50K
235-23-5235,29.0,Assoc-voc,,Husband,,<=50K
067-06-7067,72.0,HS-grad,Separated,Husband,,
345-34-5345,41.0,HS-grad,,Husband,Male,
666-66-6666,34.0,Masters,Divorced,Not-in-family,Female,
346-34-6346,33.0,Assoc-acdm,Divorced,Not-in-family,Female,<=50K
077-07-7077,21.0,,Married-civ-spouse,Husband,Male,
279-27-9279,,Some-college,Never-married,Unmarried,Female,<=50K
166-16-6166,20.0,,Never-married,Own-child,,
966-96-6966,28.0,Bachelors,Married-civ-spouse,Husband,Male,>50K
687-68-7687,24.0,12th,Never-married,Own-child,,
889-88-9889,68.0,11th,,Husband,,
483-48-3483,24.0,Bachelors,,Own-child,,<=50K
503-50-3503,46.0,Some-college,,,Male,<=50K
417-41-7417,34.0,10th,Never-married,Not-in-family,,<=50K
690-69-0690,70.0,HS-grad,Never-married,Unmarried,Female,<=50K
151-15-1151,49.0,,Married-civ-spouse,Husband,Male,<=50K
943-94-3943,33.0,HS-grad,Never-married,Unmarried,Female,
315-31-5315,38.0,HS-grad,Married-civ-spouse,Husband,,<=50K
608-60-8608,35.0,HS-grad,Married-civ-spouse,Husband,,
415-41-5415,35.0,,Married-AF-spouse,Own-child,Female,<=50K
597-59-7597,41.0,Some-college,,Husband,Male,<=50K
480-48-0480,31.0,,Married-civ-spouse,,Male,<=50K
154-15-4154,48.0,,,Husband,,
534-53-4534,84.0,,Married-spouse-absent,Unmarried,Male,>50K
877-87-7877,38.0,11th,Married-civ-spouse,Husband,,
964-96-4964,,Assoc-voc,Married-civ-spouse,Wife,Female,
983-98-3983,,,Never-married,,Female,<=50K
094-09-4094,39.0,HS-grad,Married-civ-spouse,Husband,,<=50K
451-45-1451,20.0,,Never-married,Own-child,Female,<=50K
864-86-4864,24.0,Some-college,,Own-child,Female,<=50K
669-66-9669,17.0,Assoc-voc,,Own-child,Male,<=50K
954-95-4954,56.0,,Married-civ-spouse,Husband,Male,
497-49-7497,41.0,Some-college,Married-civ-spouse,,,
558-55-8558,34.0,,,Not-in-family,Female,<=50K
823-82-3823,64.0,7th-8th,,,Male,<=50K
638-63-8638,36.0,Assoc-acdm,Never-married,Unmarried,,
681-68-1681,49.0,Bachelors,Married-civ-spouse,Husband,Male,
113-11-3113,28.0,,Married-civ-spouse,,,<=50K
056-05-6056,54.0,,,Not-in-family,Female,>50K
790-79-0790,42.0,1st-4th,Divorced,,,<=50K
972-97-2972,22.0,,Never-married,Own-child,,
809-80-9809,35.0,,Married-civ-spouse,,,<=50K
682-68-2682,50.0,Assoc-voc,Married-spouse-absent,Unmarried,Female,<=50K
635-63-5635,58.0,Assoc-voc,Married-spouse-absent,Unmarried,Male,
249-24-9249,27.0,Assoc-acdm,Never-married,Other-relative,Male,<=50K
514-51-4514,39.0,Prof-school,Never-married,,Male,>50K
104-10-4104,45.0,Preschool,Separated,Unmarried,,<=50K
968-96-8968,,Some-college,,Not-in-family,,
955-95-5955,24.0,Some-college,Never-married,Own-child,,<=50K
854-85-4854,59.0,HS-grad,Married-civ-spouse,Husband,Male,>50K
686-68-6686,45.0,HS-grad,Divorced,Not-in-family,,<=50K
292-29-2292,21.0,Some-college,Divorced,Unmarried,Female,<=50K
500-50-0500,63.0,Bachelors,Married-civ-spouse,Husband,Male,<=50K
572-57-2572,37.0,Prof-school,Divorced,Own-child,Male,
532-53-2532,45.0,Prof-school,Divorced,Not-in-family,Female,
418-41-8418,62.0,HS-grad,Married-civ-spouse,Husband,,>50K
004-00-4004,40.0,,Married-civ-spouse,Husband,,<=50K
536-53-6536,,10th,Never-married,Own-child,Male,
587-58-7587,,,Never-married,Own-child,,<=50K
173-17-3173,21.0,Some-college,Never-married,Own-child,Male,<=50K
861-86-1861,35.0,9th,Divorced,Unmarried,,>50K
366-36-6366,39.0,HS-grad,,Unmarried,Female,<=50K
527-52-7527,64.0,Bachelors,,Not-in-family,Male,<=50K
264-26-4264,,,Divorced,,,<=50K
900-90-0900,18.0,Masters,Never-married,Not-in-family,Male,
198-19-8198,28.0,,Never-married,Not-in-family,,<=50K
557-55-7557,21.0,Doctorate,Never-married,,,>50K
748-74-8748,35.0,Some-college,,,Female,<=50K
135-13-5135,46.0,Masters,Widowed,Unmarried,,
133-13-3133,39.0,,Married-civ-spouse,Husband,,>50K
495-49-5495,30.0,,Never-married,,,
956-95-6956,50.0,HS-grad,Divorced,Unmarried,,<=50K
256-25-6256,22.0,Doctorate,Never-married,,,
935-93-5935,,Masters,Married-civ-spouse,Husband,Male,
830-83-0830,65.0,HS-grad,,,Male,
377-37-7377,52.0,Masters,Married-civ-spouse,Husband,Male,
336-33-6336,58.0,12th,Married-AF-spouse,Own-child,,<=50K
082-08-2082,29.0,Some-college,Married-civ-spouse,Husband,,
826-82-6826,22.0,,,,Female,<=50K
476-47-6476,28.0,Some-college,,,,
402-40-2402,65.0,Assoc-voc,Never-married,Own-child,Female,<=50K
048-04-8048,,Bachelors,,Not-in-family,,<=50K
071-07-1071,46.0,,Married-civ-spouse,Husband,Male,
443-44-3443,47.0,11th,Married-civ-spouse,Unmarried,Male,<=50K
859-85-9859,,Bachelors,Never-married,Not-in-family,Male,<=50K
463-46-3463,,11th,,Unmarried,Male,
698-69-8698,29.0,,Never-married,,Female,<=50K
799-79-9799,23.0,,Never-married,,Male,
917-91-7917,38.0,,Divorced,,,
549-54-9549,46.0,Some-college,,Husband,Male,
817-81-7817,36.0,11th,Never-married,Not-in-family,Male,
046-04-6046,56.0,Prof-school,Widowed,Unmarried,,>50K
069-06-9069,42.0,Prof-school,Married-civ-spouse,Husband,,>50K
409-40-9409,46.0,10th,,Other-relative,Female,<=50K
879-87-9879,30.0,,,Husband,,
426-42-6426,,,Married-civ-spouse,Husband,Male,<=50K
533-53-3533,31.0,Masters,Married-AF-spouse,Husband,Male,<=50K
125-12-5125,36.0,Bachelors,Never-married,,,<=50K
246-24-6246,22.0,,Married-civ-spouse,Husband,Male,>50K
646-64-6646,23.0,Prof-school,Never-married,Not-in-family,Male,<=50K
525-52-5525,88.0,11th,,,Male,<=50K
485-48-5485,43.0,,Never-married,Unmarried,,
539-53-9539,48.0,Assoc-acdm,Married-civ-spouse,Husband,Male,<=50K
358-35-8358,51.0,Bachelors,,Husband,Male,>50K
150-15-0150,19.0,,Never-married,Own-child,,
909-90-9909,23.0,Bachelors,Never-married,Own-child,,>50K
958-95-8958,55.0,HS-grad,Married-civ-spouse,Husband,Male,>50K
922-92-2922,37.0,Masters,,,Female,
296-29-6296,20.0,,Never-married,Own-child,,<=50K
727-72-7727,22.0,,Never-married,Own-child,Female,<=50K
017-01-7017,30.0,Assoc-acdm,Never-married,Own-child,Male,<=50K
499-49-9499,43.0,10th,Divorced,Unmarried,Female,<=50K
858-85-8858,53.0,HS-grad,Widowed,Not-in-family,Female,<=50K
092-09-2092,29.0,Some-college,Never-married,Not-in-family,Female,<=50K
665-66-5665,35.0,Assoc-voc,Married-civ-spouse,Husband,Male,
633-63-3633,51.0,,Widowed,Husband,Female,
903-90-3903,29.0,,Married-civ-spouse,,Male,<=50K
740-74-0740,64.0,Some-college,Divorced,Wife,Male,>50K
555-55-5555,69.0,12th,Separated,Other-relative,Female,>50K
737-73-7737,,,Married-civ-spouse,Husband,Male,
352-35-2352,66.0,Assoc-acdm,Married-civ-spouse,Husband,Male,>50K
554-55-4554,,Assoc-voc,Married-civ-spouse,Husband,Male,<=50K
827-82-7827,51.0,Bachelors,Married-civ-spouse,Not-in-family,Female,
765-76-5765,,Bachelors,Never-married,Not-in-family,,
551-55-1551,35.0,9th,Divorced,Unmarried,Female,
124-12-4124,34.0,,Never-married,Not-in-family,Male,<=50K
685-68-5685,23.0,5th-6th,Married-civ-spouse,Husband,Male,
072-07-2072,89.0,Masters,Divorced,Husband,Male,
342-34-2342,29.0,Assoc-acdm,Married-AF-spouse,Husband,Female,
894-89-4894,22.0,Doctorate,Married-spouse-absent,Unmarried,Female,<=50K
701-70-1701,19.0,11th,Never-married,Not-in-family,Female,<=50K
947-94-7947,21.0,Some-college,Never-married,Own-child,,
910-91-0910,40.0,Bachelors,Married-civ-spouse,,,<=50K
197-19-7197,29.0,,Widowed,,Female,<=50K
841-84-1841,47.0,,Married-civ-spouse,Husband,Male,
431-43-1431,59.0,Some-college,Separated,Unmarried,Female,
754-75-4754,37.0,Some-college,Married-civ-spouse,Husband,,>50K
624-62-4624,64.0,HS-grad,Married-civ-spouse,Husband,,<=50K
673-67-3673,41.0,1st-4th,Married-civ-spouse,Wife,Female,<=50K
550-55-0550,48.0,Bachelors,Separated,Not-in-family,,<=50K
751-75-1751,37.0,10th,,Not-in-family,Male,
470-47-0470,60.0,12th,Divorced,Own-child,Male,<=50K
331-33-1331,40.0,,Separated,,,<=50K
520-52-0520,30.0,,Divorced,Own-child,,<=50K
699-69-9699,43.0,10th,,,,<=50K
311-31-1311,62.0,,,Husband,,<=50K
161-16-1161,18.0,,,,Female,<=50K
820-82-0820,29.0,HS-grad,,Husband,Male,>50K
801-80-1801,23.0,,Never-married,,Male,>50K
195-19-5195,22.0,Some-college,,Unmarried,,<=50K
321-32-1321,52.0,Assoc-voc,Married-civ-spouse,Husband,,>50K
162-16-2162,38.0,11th,Divorced,,Female,
467-46-7467,35.0,,,Unmarried,Male,<=50K
636-63-6636,63.0,HS-grad,Divorced,Husband,Male,
061-06-1061,55.0,,,Husband,,>50K
807-80-7807,63.0,Bachelors,Widowed,Other-relative,,<=50K
963-96-3963,46.0,Prof-school,Married-civ-spouse,Husband,Male,>50K
374-37-4374,31.0,HS-grad,Married-civ-spouse,Husband,Male,<=50K
129-12-9129,46.0,,Separated,Not-in-family,,
571-57-1571,51.0,,Widowed,Not-in-family,,<=50K
211-21-1211,39.0,Preschool,Divorced,Not-in-family,,
579-57-9579,45.0,,Married-civ-spouse,Husband,Male,
899-89-9899,32.0,HS-grad,Never-married,Own-child,Female,
453-45-3453,,Some-college,Never-married,,,
573-57-3573,52.0,Masters,Married-civ-spouse,Husband,Male,>50K
989-98-9989,21.0,,Never-married,Other-relative,Male,<=50K
543-54-3543,,,Married-civ-spouse,Husband,Male,
588-58-8588,40.0,,Divorced,Unmarried,Female,
269-26-9269,34.0,Some-college,Never-married,Not-in-family,Male,
340-34-0340,25.0,HS-grad,Never-married,Own-child,Female,<=50K
620-62-0620,51.0,11th,,Husband,,
219-21-9219,49.0,,Married-civ-spouse,Husband,Male,
170-17-0170,39.0,1st-4th,,Other-relative,Female,<=50K
578-57-8578,27.0,1st-4th,Never-married,Not-in-family,,
213-21-3213,41.0,Some-college,Married-civ-spouse,,Male,<=50K
486-48-6486,28.0,HS-grad,Married-civ-spouse,Wife,Female,<=50K
155-15-5155,76.0,Preschool,Married-spouse-absent,Wife,Male,
076-07-6076,34.0,HS-grad,Never-married,,,<=50K
273-27-3273,,,Married-civ-spouse,Husband,,>50K
816-81-6816,,,Never-married,Own-child,Female,<=50K
349-34-9349,46.0,Some-college,Separated,Own-child,Male,<=50K
528-52-8528,,Bachelors,Married-civ-spouse,,Male,
375-37-5375,,HS-grad,Married-civ-spouse,Husband,,
813-81-3813,76.0,Masters,Never-married,Husband,Female,
015-01-5015,53.0,HS-grad,Married-civ-spouse,Husband,,<=50K
208-20-8208,61.0,HS-grad,,Husband,Male,<=50K
925-92-5925,24.0,,,,,<=50K
704-70-4704,40.0,HS-grad,Divorced,Unmarried,,<=50K
706-70-6706,17.0,HS-grad,,,Male,
884-88-4884,29.0,HS-grad,,Husband,,
779-77-9779,77.0,Assoc-acdm,Separated,Own-child,Male,<=50K
172-17-2172,45.0,HS-grad,Married-civ-spouse,Husband,,>50K
369-36-9369,53.0,5th-6th,Never-married,Other-relative,Male,<=50K
717-71-7717,32.0,12th,Married-civ-spouse,,,<=50K
593-59-3593,19.0,,Never-married,,Female,>50K
110-11-0110,23.0,HS-grad,Never-married,Not-in-family,,<=50K
670-67-0670,44.0,Bachelors,Married-civ-spouse,,,
746-74-6746,46.0,,Married-civ-spouse,Husband,,
513-51-3513,,,,,Female,
975-97-5975,62.0,Doctorate,Married-civ-spouse,,,
616-61-6616,17.0,11th,Never-married,,Male,
762-76-2762,17.0,,,Own-child,,
488-48-8488,23.0,Some-college,,,Female,<=50K
390-39-0390,77.0,Masters,Married-civ-spouse,Husband,,
689-68-9689,64.0,Some-college,Married-civ-spouse,,Male,<=50K
134-13-4134,24.0,Bachelors,Never-married,Own-child,Female,
832-83-2832,39.0,Preschool,,Husband,Male,<=50K
054-05-4054,28.0,,Never-married,Not-in-family,Male,<=50K
511-51-1511,27.0,,Married-civ-spouse,Husband,,<=50K
738-73-8738,56.0,Assoc-voc,Married-civ-spouse,,Male,
019-01-9019,34.0,12th,Never-married,Not-in-family,Female,<=50K
457-45-7457,38.0,10th,Divorced,Other-relative,Female,<=50K
045-04-5045,31.0,Some-college,,Own-child,,<=50K
589-58-9589,19.0,Doctorate,Never-married,Not-in-family,,
250-25-0250,29.0,Some-college,Married-civ-spouse,Husband,,>50K
484-48-4484,,HS-grad,Never-married,,Male,
882-88-2882,30.0,HS-grad,Married-civ-spouse,Husband,,<=50K
316-31-6316,18.0,Assoc-voc,Married-civ-spouse,Other-relative,Female,>50K
487-48-7487,56.0,Bachelors,Married-civ-spouse,Husband,Male,
410-41-0410,50.0,Some-college,,Husband,,
580-58-0580,69.0,Bachelors,Widowed,,,<=50K
429-42-9429,22.0,Some-college,Never-married,,,<=50K
697-69-7697,24.0,Some-college,Never-married,,,<=50K
131-13-1131,38.0,,Married-civ-spouse,,,
196-19-6196,33.0,,Married-civ-spouse,Wife,,
265-26-5265,52.0,Some-college,,Not-in-family,Male,
724-72-4724,39.0,,Married-civ-spouse,Husband,,
969-96-9969,32.0,12th,Never-married,Not-in-family,Female,
757-75-7757,53.0,Assoc-voc,Married-civ-spouse,Husband,,>50K
118-11-8118,76.0,Masters,Married-AF-spouse,Husband,Male,>50K
288-28-8288,22.0,,,Husband,Male,<=50K
018-01-8018,34.0,Some-college,Married-AF-spouse,Unmarried,Female,<=50K
290-29-0290,47.0,,Married-civ-spouse,Husband,Male,
721-72-1721,73.0,11th,Never-married,Wife,Female,>50K
466-46-6466,40.0,HS-grad,Married-civ-spouse,Husband,Male,
354-35-4354,43.0,Some-college,Married-civ-spouse,Husband,Male,
628-62-8628,54.0,HS-grad,,Husband,,>50K
064-06-4064,44.0,HS-grad,Divorced,Unmarried,,
824-82-4824,50.0,Masters,Married-civ-spouse,Husband,,
674-67-4674,33.0,HS-grad,Divorced,Not-in-family,Male,<=50K
930-93-0930,18.0,Some-college,,Own-child,Female,
871-87-1871,44.0,,Married-spouse-absent,,Male,
295-29-5295,50.0,1st-4th,Widowed,Unmarried,,
492-49-2492,64.0,,,Husband,Male,>50K
471-47-1471,41.0,HS-grad,,Husband,Male,<=50K
382-38-2382,82.0,HS-grad,Separated,Husband,,<=50K
191-19-1191,28.0,,Divorced,Not-in-family,Male,<=50K
844-84-4844,,HS-grad,Married-civ-spouse,Husband,,
085-08-5085,29.0,Bachelors,Never-married,Not-in-family,,>50K
301-30-1301,44.0,,Widowed,Unmarried,,<=50K
119-11-9119,78.0,Assoc-acdm,Never-married,Unmarried,Female,<=50K
032-03-2032,48.0,Masters,Married-civ-spouse,Husband,Male,
175-17-5175,,Masters,Widowed,Not-in-family,Female,
063-06-3063,47.0,Some-college,Married-civ-spouse,Husband,Male,<=50K
023-02-3023,49.0,,Divorced,,,<=50K
865-86-5865,31.0,Bachelors,Married-civ-spouse,Husband,,>50K
089-08-9089,79.0,Bachelors,,Unmarried,,
206-20-6206,56.0,Masters,Married-civ-spouse,Wife,Female,
912-91-2912,33.0,5th-6th,Married-civ-spouse,Wife,,>50K
034-03-4034,,HS-grad,Married-civ-spouse,Husband,Male,
843-84-3843,46.0,1st-4th,Never-married,Not-in-family,,
116-11-6116,34.0,,Never-married,Own-child,,<=50K
490-49-0490,43.0,HS-grad,Married-civ-spouse,Husband,Male,
995-99-5995,43.0,Assoc-voc,Separated,Not-in-family,,
784-78-4784,60.0,Masters,Married-civ-spouse,Husband,Male,
391-39-1391,57.0,12th,Widowed,Not-in-family,Female,
880-88-0880,24.0,,Married-civ-spouse,Husband,Male,
750-75-0750,44.0,HS-grad,Married-civ-spouse,,Male,<=50K
287-28-7287,41.0,7th-8th,Married-civ-spouse,Husband,Male,
337-33-7337,22.0,Masters,Never-married,Other-relative,Male,>50K
144-14-4144,30.0,Some-college,Never-married,Not-in-family,,
883-88-3883,19.0,HS-grad,Never-married,Own-child,,<=50K
062-06-2062,34.0,HS-grad,Married-civ-spouse,,,<=50K
132-13-2132,48.0,,Divorced,Unmarried,Female,
630-63-0630,37.0,Masters,Married-civ-spouse,Husband,Male,>50K
275-27-5275,35.0,HS-grad,Never-married,Not-in-family,,<=50K
661-66-1661,,HS-grad,Never-married,Other-relative,Male,<=50K
293-29-3293,,Some-college,Divorced,Own-child,Male,
908-90-8908,47.0,Assoc-voc,,Unmarried,Female,<=50K
598-59-8598,38.0,,Married-civ-spouse,Husband,,<=50K
759-75-9759,59.0,HS-grad,Married-civ-spouse,Husband,Male,>50K
073-07-3073,40.0,HS-grad,Never-married,Not-in-family,Male,
407-40-7407,32.0,HS-grad,Married-civ-spouse,,Male,<=50K
988-98-8988,42.0,Some-college,,Husband,Male,
454-45-4454,63.0,,,,,
862-86-2862,20.0,,,Own-child,Male,<=50K
798-79-8798,44.0,Assoc-voc,Separated,Not-in-family,,<=50K
778-77-8778,41.0,Assoc-acdm,Married-civ-spouse,,Male,<=50K
743-74-3743,28.0,,,Not-in-family,Male,<=50K
147-14-7147,62.0,10th,Divorced,Unmarried,,<=50K
691-69-1691,,12th,Never-married,Not-in-family,Female,
079-07-9079,54.0,HS-grad,Married-civ-spouse,,,
335-33-5335,43.0,Preschool,Divorced,Unmarried,,<=50K
938-93-8938,31.0,,Separated,Unmarried,Female,<=50K
904-90-4904,21.0,,,Not-in-family,Female,<=50K
825-82-5825,36.0,9th,Married-civ-spouse,Wife,,<=50K
326-32-6326,18.0,Some-college,Never-married,Own-child,Female,
758-75-8758,37.0,,,Husband,,>50K
971-97-1971,48.0,Assoc-voc,Married-civ-spouse,Husband,Male,
378-37-8378,21.0,,Never-married,,Male,<=50K
944-94-4944,35.0,,,,Male,<=50K
818-81-8818,32.0,,Never-married,Not-in-family,Male,<=50K
029-02-9029,21.0,Some-college,Never-married,Own-child,Female,<=50K
007-00-7007,44.0,10th,Married-civ-spouse,,,<=50K
121-12-1121,34.0,10th,Never-married,Not-in-family,Female,<=50K
108-10-8108,57.0,HS-grad,,,,
932-93-2932,19.0,HS-grad,,Own-child,Male,
730-73-0730,39.0,Bachelors,Divorced,,,>50K
985-98-5985,,,Never-married,,Female,<=50K
753-75-3753,88.0,7th-8th,Married-civ-spouse,,Male,<=50K
272-27-2272,19.0,11th,,Husband,Male,
363-36-3363,22.0,HS-grad,Never-married,Own-child,Male,
610-61-0610,52.0,7th-8th,Widowed,Not-in-family,,
040-04-0040,32.0,Bachelors,,Husband,Male,
101-10-1101,34.0,,,Not-in-family,Male,
755-75-5755,40.0,Assoc-voc,Married-civ-spouse,Husband,Male,<=50K
752-75-2752,62.0,Doctorate,Married-civ-spouse,,,<=50K
253-25-3253,24.0,,Married-civ-spouse,Husband,,
090-09-0090,28.0,,Married-civ-spouse,,Male,
839-83-9839,27.0,Some-college,Divorced,Not-in-family,Male,<=50K
648-64-8648,35.0,Masters,Divorced,Not-in-family,Female,
603-60-3603,,HS-grad,,Husband,,<=50K
793-79-3793,61.0,12th,,Husband,Male,
284-28-4284,,HS-grad,Widowed,Not-in-family,,
002-00-2002,47.0,,Married-civ-spouse,,Male,>50K
997-99-7997,,Masters,Married-civ-spouse,Husband,Male,
777-77-7777,34.0,Bachelors,,,Male,>50K
037-03-7037,31.0,Bachelors,,,Male,
323-32-3323,45.0,HS-grad,Divorced,Not-in-family,Male,<=50K
575-57-5575,42.0,Some-college,Never-married,Not-in-family,,
629-62-9629,,Bachelors,Married-civ-spouse,Husband,Male,>50K
639-63-9639,20.0,,Never-married,Own-child,,<=50K
845-84-5845,32.0,Bachelors,Married-civ-spouse,Husband,,>50K
641-64-1641,61.0,Bachelors,Divorced,Husband,,<=50K
477-47-7477,,,Married-AF-spouse,Not-in-family,Male,<=50K
720-72-0720,27.0,HS-grad,Married-civ-spouse,Husband,Male,<=50K
148-14-8148,35.0,,,Husband,Male,>50K
672-67-2672,43.0,HS-grad,Married-civ-spouse,Husband,Male,>50K
364-36-4364,,Masters,Married-civ-spouse,Husband,,
542-54-2542,,,Married-civ-spouse,Husband,Male,
080-08-0080,,,,Husband,Male,>50K
568-56-8568,46.0,Doctorate,Married-civ-spouse,Husband,Male,>50K
933-93-3933,28.0,10th,Married-civ-spouse,Own-child,,<=50K
464-46-4464,35.0,,Never-married,,Male,<=50K
333-33-3333,22.0,HS-grad,,,Female,<=50K
794-79-4794,18.0,10th,Never-married,Not-in-family,,<=50K
623-62-3623,36.0,Some-college,Married-civ-spouse,Husband,Male,<=50K
647-64-7647,23.0,Some-college,Never-married,Own-child,Female,
005-00-5005,90.0,Some-college,Widowed,Other-relative,Female,<=50K
420-42-0420,26.0,Assoc-acdm,Never-married,,Male,<=50K
668-66-8668,75.0,,Widowed,Husband,Male,
123-12-3123,48.0,,Married-civ-spouse,,Male,<=50K
012-01-2012,37.0,Bachelors,Married-civ-spouse,Husband,,<=50K
652-65-2652,,Some-college,Married-civ-spouse,Husband,,>50K
095-09-5095,41.0,,Divorced,Unmarried,,<=50K
355-35-5355,45.0,,Married-civ-spouse,Husband,Male,
965-96-5965,23.0,,Never-married,Unmarried,Female,
398-39-8398,75.0,Prof-school,Never-married,Other-relative,,>50K
270-27-0270,,Some-college,Separated,Not-in-family,,<=50K
475-47-5475,20.0,Some-college,Never-married,Own-child,,<=50K
452-45-2452,31.0,,Married-civ-spouse,Husband,Male,<=50K
510-51-0510,58.0,5th-6th,Married-spouse-absent,Unmarried,Male,<=50K
359-35-9359,55.0,,Divorced,Not-in-family,,
036-03-6036,48.0,,,Not-in-family,,
595-59-5595,,HS-grad,Married-civ-spouse,,,>50K
756-75-6756,24.0,Bachelors,Married-civ-spouse,,Male,>50K
607-60-7607,33.0,Assoc-voc,Married-civ-spouse,Husband,,
950-95-0950,38.0,10th,Married-civ-spouse,Husband,,<=50K
521-52-1521,48.0,,Never-married,Not-in-family,,<=50K
043-04-3043,30.0,,Never-married,,,>50K
016-01-6016,46.0,Masters,Divorced,,Male,
769-76-9769,45.0,,Married-civ-spouse,,Male,
999-99-9999,23.0,Bachelors,Never-married,,Male,
262-26-2262,28.0,Bachelors,Married-civ-spouse,Husband,Male,
248-24-8248,32.0,12th,Married-civ-spouse,,Female,
263-26-3263,44.0,Some-college,Married-civ-spouse,Husband,,
242-24-2242,,HS-grad,Married-civ-spouse,Husband,Male,<=50K
634-63-4634,29.0,12th,,,,
970-97-0970,50.0,Masters,Married-civ-spouse,Husband,Male,
438-43-8438,42.0,,Separated,Unmarried,,<=50K
953-95-3953,31.0,,Married-civ-spouse,Husband,,
907-90-7907,73.0,Bachelors,,Unmarried,Female,
860-86-0860,26.0,Bachelors,Married-civ-spouse,,Male,
708-70-8708,24.0,Masters,Married-civ-spouse,Husband,,
136-13-6136,28.0,,Never-married,Not-in-family,Female,<=50K
502-50-2502,38.0,10th,Never-married,Not-in-family,Female,<=50K
703-70-3703,50.0,Doctorate,,Wife,Female,>50K
582-58-2582,36.0,Bachelors,Married-civ-spouse,Husband,,>50K
868-86-8868,42.0,HS-grad,Married-civ-spouse,Husband,Male,
128-12-8128,28.0,HS-grad,Never-married,Not-in-family,,
189-18-9189,39.0,Masters,Never-married,Not-in-family,Male,<=50K
564-56-4564,62.0,Some-college,Divorced,,Female,
836-83-6836,41.0,Some-college,,Husband,Male,
574-57-4574,71.0,Prof-school,Separated,Other-relative,Female,
408-40-8408,34.0,,Divorced,,Female,<=50K
692-69-2692,74.0,HS-grad,Never-married,Own-child,Female,
230-23-0230,36.0,,,,,<=50K
199-19-9199,86.0,Assoc-voc,Married-AF-spouse,,,<=50K
819-81-9819,,,,Wife,,
722-72-2722,55.0,HS-grad,Widowed,Unmarried,Female,<=50K
030-03-0030,48.0,Preschool,Married-civ-spouse,,,<=50K
729-72-9729,55.0,Bachelors,,,Male,
244-24-4244,43.0,HS-grad,Divorced,Not-in-family,,
949-94-9949,37.0,HS-grad,,Husband,,<=50K
210-21-0210,58.0,Some-college,Married-civ-spouse,Husband,Male,>50K
671-67-1671,28.0,,,Husband,,<=50K
771-77-1771,41.0,Some-college,Never-married,Not-in-family,Female,<=50K
201-20-1201,,,Married-civ-spouse,Husband,,
303-30-3303,41.0,,,Own-child,,<=50K
047-04-7047,87.0,Masters,Divorced,Not-in-family,Male,>50K
229-22-9229,59.0,HS-grad,Married-civ-spouse,,,
096-09-6096,29.0,Some-college,Never-married,,Male,
569-56-9569,18.0,HS-grad,Never-married,Own-child,Male,<=50K
373-37-3373,42.0,,Married-civ-spouse,Husband,,
998-99-8998,26.0,Preschool,,Own-child,Female,<=50K
403-40-3403,38.0,Some-college,,,Female,<=50K
716-71-6716,23.0,,Never-married,Not-in-family,Male,<=50K
160-16-0160,22.0,HS-grad,Never-married,Own-child,Male,
180-18-0180,52.0,,Married-civ-spouse,Husband,Male,>50K
105-10-5105,36.0,9th,Never-married,Not-in-family,Male,<=50K
519-51-9519,28.0,,,Not-in-family,,<=50K
761-76-1761,,HS-grad,Married-civ-spouse,Husband,,<=50K
022-02-2022,45.0,HS-grad,Widowed,Other-relative,,<=50K
115-11-5115,74.0,,,Not-in-family,Male,<=50K
906-90-6906,56.0,Assoc-acdm,Never-married,Not-in-family,,
465-46-5465,17.0,HS-grad,Never-married,Own-child,Female,<=50K
967-96-7967,42.0,,Married-civ-spouse,Wife,,>50K
664-66-4664,27.0,HS-grad,Never-married,Not-in-family,Male,<=50K
181-18-1181,28.0,,Never-married,,,<=50K
780-78-0780,,,,,Female,
760-76-0760,57.0,Some-college,Married-civ-spouse,Husband,Male,
576-57-6576,71.0,HS-grad,,Husband,Male,>50K
227-22-7227,60.0,7th-8th,,Not-in-family,,<=50K
167-16-7167,52.0,HS-grad,Married-civ-spouse,Husband,,<=50K
074-07-4074,27.0,Masters,,Not-in-family,Female,
926-92-6926,36.0,HS-grad,Separated,Wife,,<=50K
178-17-8178,49.0,Bachelors,,Unmarried,Female,
642-64-2642,19.0,12th,,Own-child,,<=50K
202-20-2202,34.0,11th,Divorced,Unmarried,Female,<=50K
024-02-4024,55.0,HS-grad,Married-AF-spouse,Husband,Male,
530-53-0530,60.0,,Widowed,Not-in-family,,<=50K
905-90-5905,54.0,5th-6th,Divorced,Unmarried,,<=50K
221-22-1221,21.0,,Never-married,,Male,
209-20-9209,31.0,HS-grad,,Own-child,Male,<=50K
223-22-3223,30.0,HS-grad,Married-civ-spouse,Husband,Male,
439-43-9439,39.0,Bachelors,Married-civ-spouse,Husband,,>50K
186-18-6186,53.0,HS-grad,Never-married,Unmarried,,
491-49-1491,,Bachelors,,Husband,,
984-98-4984,45.0,,Never-married,Not-in-family,,
601-60-1601,19.0,11th,Never-married,Own-child,,
617-61-7617,40.0,Some-college,Divorced,,,<=50K
182-18-2182,36.0,Some-college,,Husband,,<=50K
924-92-4924,38.0,,Never-married,Not-in-family,Female,<=50K
942-94-2942,,Bachelors,Married-civ-spouse,Husband,Male,<=50K
742-74-2742,28.0,,Divorced,Not-in-family,,<=50K
267-26-7267,34.0,Assoc-acdm,Never-married,Own-child,,<=50K
800-80-0800,34.0,HS-grad,Married-civ-spouse,Husband,Male,
522-52-2522,62.0,HS-grad,Married-civ-spouse,Husband,Male,
372-37-2372,51.0,9th,Married-civ-spouse,Husband,,<=50K
804-80-4804,39.0,HS-grad,Married-spouse-absent,Own-child,Male,
934-93-4934,44.0,HS-grad,Married-spouse-absent,Unmarried,Female,
821-82-1821,52.0,HS-grad,Divorced,Unmarried,Female,<=50K
921-92-1921,35.0,Some-college,Never-married,,Female,
739-73-9739,53.0,Assoc-voc,,Husband,Male,<=50K
916-91-6916,40.0,HS-grad,Divorced,Unmarried,Female,<=50K
177-17-7177,25.0,Bachelors,Never-married,Own-child,Male,<=50K
702-70-2702,,HS-grad,,Own-child,Male,
396-39-6396,23.0,Assoc-voc,Never-married,,Female,
867-86-7867,42.0,Some-college,Married-civ-spouse,Husband,Male,<=50K
874-87-4874,54.0,Prof-school,,Unmarried,Female,<=50K
788-78-8788,41.0,,,,Male,<=50K
544-54-4544,67.0,Preschool,Married-spouse-absent,Other-relative,Male,<=50K
508-50-8508,,,Never-married,Not-in-family,,<=50K
001-00-1001,46.0,HS-grad,Divorced,,Female,
936-93-6936,46.0,Bachelors,Married-civ-spouse,Husband,,>50K
828-82-8828,31.0,Bachelors,,Not-in-family,,<=50K
414-41-4414,34.0,11th,,Other-relative,Female,<=50K
711-71-1711,43.0,Some-college,Divorced,Unmarried,Male,
055-05-5055,43.0,Prof-school,Married-civ-spouse,Husband,,>50K
504-50-4504,37.0,Preschool,,Husband,Male,
919-91-9919,61.0,10th,,Not-in-family,,<=50K
643-64-3643,18.0,Some-college,Never-married,Own-child,Male,<=50K
494-49-4494,39.0,,Never-married,,Male,>50K
911-91-1911,28.0,Bachelors,Never-married,Own-child,,
918-91-8918,56.0,5th-6th,Married-civ-spouse,Husband,,
590-59-0590,17.0,HS-grad,,,Male,<=50K
675-67-5675,39.0,Bachelors,Separated,,Female,
540-54-0540,73.0,1st-4th,Never-married,Other-relative,Male,<=50K
640-64-0640,25.0,Some-college,Never-married,,,<=50K
237-23-7237,34.0,,Never-married,Own-child,,
179-17-9179,35.0,HS-grad,Married-spouse-absent,,,
400-40-0400,25.0,HS-grad,Never-married,,,>50K
038-03-8038,39.0,Bachelors,Never-married,,,
987-98-7987,33.0,HS-grad,,,,<=50K
086-08-6086,43.0,Bachelors,Married-civ-spouse,Husband,,
632-63-2632,30.0,,,Husband,,
749-74-9749,35.0,HS-grad,Divorced,Not-in-family,Male,
065-06-5065,25.0,Some-college,Never-married,,Male,
093-09-3093,39.0,Some-college,Divorced,Not-in-family,,
766-76-6766,29.0,Bachelors,Married-civ-spouse,Husband,Male,>50K
611-61-1611,50.0,Bachelors,,,Female,<=50K
421-42-1421,25.0,,,Not-in-family,Female,>50K
803-80-3803,,11th,Never-married,,Male,
847-84-7847,61.0,11th,Married-civ-spouse,Husband,,>50K
974-97-4974,84.0,Masters,Married-civ-spouse,Unmarried,Male,<=50K
084-08-4084,26.0,HS-grad,Never-married,Not-in-family,,<=50K
732-73-2732,40.0,Bachelors,Married-civ-spouse,Husband,Male,>50K
217-21-7217,50.0,Bachelors,Divorced,Unmarried,Female,
621-62-1621,,,Married-civ-spouse,Husband,Male,
512-51-2512,39.0,HS-grad,Married-civ-spouse,Husband,,
450-45-0450,38.0,,Married-civ-spouse,Husband,,<=50K
741-74-1741,40.0,HS-grad,,Husband,Male,>50K
025-02-5025,46.0,,Divorced,,,
787-78-7787,43.0,Some-college,Married-civ-spouse,Wife,Female,
625-62-5625,41.0,Some-college,Never-married,,Female,<=50K
850-85-0850,39.0,HS-grad,,Unmarried,Female,<=50K
505-50-5505,31.0,10th,Never-married,Own-child,,<=50K
423-42-3423,50.0,Bachelors,Divorced,Not-in-family,,<=50K
776-77-6776,60.0,,Married-civ-spouse,,,
422-42-2422,22.0,,Never-married,Not-in-family,Female,
399-39-9399,25.0,HS-grad,Never-married,Not-in-family,Female,
145-14-5145,64.0,7th-8th,Divorced,Not-in-family,,
848-84-8848,22.0,,Married-civ-spouse,,Female,>50K
923-92-3923,44.0,Bachelors,,Husband,Male,>50K
184-18-4184,24.0,,Never-married,Not-in-family,,
613-61-3613,32.0,HS-grad,Divorced,Unmarried,Female,<=50K
872-87-2872,28.0,,,Husband,Male,<=50K
993-99-3993,17.0,Some-college,Never-married,Own-child,Male,
509-50-9509,39.0,,Divorced,Not-in-family,,<=50K
305-30-5305,59.0,,,Husband,Male,>50K
112-11-2112,37.0,,Married-civ-spouse,Husband,Male,>50K
159-15-9159,,1st-4th,,Other-relative,,<=50K
188-18-8188,38.0,HS-grad,Divorced,Not-in-family,Female,<=50K
449-44-9449,28.0,HS-grad,Divorced,Not-in-family,Female,<=50K
436-43-6436,59.0,,Divorced,Not-in-family,,<=50K
334-33-4334,41.0,Some-college,Married-civ-spouse,,Female,
523-52-3523,47.0,Masters,Married-civ-spouse,Husband,Male,
683-68-3683,81.0,HS-grad,Married-civ-spouse,Husband,Male,
592-59-2592,44.0,10th,Never-married,Not-in-family,Male,
050-05-0050,,Some-college,,Own-child,,
437-43-7437,28.0,Some-college,Divorced,Unmarried,,<=50K
406-40-6406,39.0,,Divorced,Not-in-family,,>50K
051-05-1051,26.0,HS-grad,Married-civ-spouse,,Male,<=50K
552-55-2552,48.0,HS-grad,Divorced,Not-in-family,Male,<=50K
433-43-3433,38.0,,Divorced,Unmarried,Female,<=50K
622-62-2622,,,,Own-child,Female,
117-11-7117,44.0,,Never-married,,,
781-78-1781,,Assoc-acdm,Never-married,,,<=50K
878-87-8878,32.0,Bachelors,Married-civ-spouse,,Male,>50K
066-06-6066,33.0,,,Wife,Female,>50K
164-16-4164,30.0,HS-grad,,Unmarried,,<=50K
139-13-9139,,,Divorced,Not-in-family,,<=50K
027-02-7027,35.0,,Married-civ-spouse,Husband,,<=50K
937-93-7937,38.0,,Married-civ-spouse,Husband,,
011-01-1011,47.0,,Married-civ-spouse,Husband,,
980-98-0980,41.0,5th-6th,Never-married,Not-in-family,,<=50K
100-10-0100,41.0,Masters,Married-AF-spouse,Own-child,Female,
493-49-3493,,,Married-civ-spouse,Wife,,<=50K
389-38-9389,35.0,Some-college,Married-civ-spouse,,,<=50K
458-45-8458,22.0,Some-college,Married-AF-spouse,Husband,Female,<=50K
891-89-1891,44.0,Assoc-voc,Married-civ-spouse,Husband,Male,
707-70-7707,27.0,,Never-married,Own-child,Male,
392-39-2392,77.0,Prof-school,Married-spouse-absent,Wife,Male,>50K
679-67-9679,,Assoc-voc,Divorced,,,<=50K
255-25-5255,22.0,,Never-married,,,
812-81-2812,33.0,HS-grad,Married-civ-spouse,,Male,
445-44-5445,39.0,Assoc-acdm,Never-married,Not-in-family,,<=50K
913-91-3913,43.0,Bachelors,Married-spouse-absent,Not-in-family,Male,
419-41-9419,41.0,Some-college,Married-civ-spouse,Husband,,<=50K
586-58-6586,45.0,Masters,Divorced,Unmarried,Female,>50K
143-14-3143,48.0,Assoc-voc,Widowed,Unmarried,Female,<=50K
977-97-7977,51.0,HS-grad,Divorced,,Male,
855-85-5855,43.0,,,Husband,,
915-91-5915,23.0,Masters,Never-married,Other-relative,Male,>50K
822-82-2822,74.0,HS-grad,Married-spouse-absent,Own-child,,<=50K
653-65-3653,32.0,Assoc-voc,,Husband,Male,<=50K
898-89-8898,47.0,HS-grad,,Husband,,
258-25-8258,31.0,HS-grad,,,Female,<=50K
171-17-1171,63.0,,Married-civ-spouse,Husband,,>50K
961-96-1961,52.0,Some-college,Widowed,Not-in-family,Female,
365-36-5365,,Assoc-voc,Married-civ-spouse,Husband,,>50K
515-51-5515,29.0,Masters,,Not-in-family,Female,
261-26-1261,31.0,Bachelors,Never-married,,Male,
404-40-4404,22.0,,Never-married,Not-in-family,,
764-76-4764,56.0,Some-college,Divorced,,Male,
507-50-7507,45.0,,Married-civ-spouse,Husband,Male,
380-38-0380,58.0,11th,,Husband,Male,<=50K
384-38-4384,31.0,Some-college,,Not-in-family,,
193-19-3193,58.0,,Never-married,Not-in-family,Female,<=50K
745-74-5745,46.0,HS-grad,Widowed,Unmarried,Male,<=50K
834-83-4834,17.0,HS-grad,Divorced,Not-in-family,Female,
684-68-4684,60.0,,,Unmarried,,<=50K
796-79-6796,24.0,HS-grad,Never-married,Own-child,,
386-38-6386,,10th,Never-married,Not-in-family,Female,
412-41-2412,33.0,,Never-married,Not-in-family,,<=50K
026-02-6026,44.0,Assoc-acdm,Never-married,Own-child,Male,<=50K
837-83-7837,52.0,HS-grad,Married-civ-spouse,Husband,Male,<=50K
901-90-1901,48.0,Masters,,,Male,<=50K
174-17-4174,43.0,HS-grad,Divorced,Unmarried,Female,
594-59-4594,51.0,Some-college,Divorced,Unmarried,Female,<=50K
939-93-9939,22.0,Some-college,Never-married,Own-child,,
205-20-5205,38.0,Masters,,Husband,Male,
718-71-8718,39.0,Assoc-voc,Never-married,Not-in-family,Male,<=50K
343-34-3343,30.0,HS-grad,Never-married,Not-in-family,,
163-16-3163,24.0,Bachelors,Never-married,Not-in-family,Male,
982-98-2982,60.0,Bachelors,Married-civ-spouse,Husband,Male,
890-89-0890,66.0,Bachelors,Married-AF-spouse,Wife,,
853-85-3853,51.0,,,Husband,Male,>50K
397-39-7397,23.0,Some-college,Never-married,Own-child,Male,<=50K
266-26-6266,76.0,Assoc-acdm,Widowed,Unmarried,,<=50K
220-22-0220,,Assoc-voc,Never-married,Own-child,,
368-36-8368,39.0,Bachelors,,,Female,<=50K
353-35-3353,39.0,Bachelors,,Husband,Male,
897-89-7897,37.0,Bachelors,Married-civ-spouse,,Male,<=50K
566-56-6566,44.0,HS-grad,Married-civ-spouse,Husband,Male,<=50K
637-63-7637,19.0,9th,,Own-child,Female,<=50K
277-27-7277,59.0,,,Not-in-family,,
120-12-0120,27.0,Bachelors,,Own-child,Female,<=50K
307-30-7307,19.0,11th,,Not-in-family,Female,
498-49-8498,37.0,9th,Married-civ-spouse,Husband,Male,<=50K
109-10-9109,52.0,Bachelors,Married-civ-spouse,Husband,Male,
153-15-3153,33.0,Bachelors,Separated,Other-relative,Female,
468-46-8468,,Bachelors,Divorced,,,
169-16-9169,31.0,,Separated,Not-in-family,Male,<=50K
395-39-5395,49.0,Masters,Married-civ-spouse,Husband,,
538-53-8538,,Prof-school,Married-civ-spouse,Husband,Male,
448-44-8448,80.0,HS-grad,Never-married,Husband,Female,>50K
257-25-7257,26.0,Some-college,Married-civ-spouse,Husband,,<=50K
677-67-7677,,Bachelors,,Husband,,
009-00-9009,56.0,HS-grad,,Husband,,<=50K
350-35-0350,39.0,,,Husband,,
078-07-8078,,,Married-civ-spouse,Husband,,
783-78-3783,34.0,,Married-AF-spouse,,,
462-46-2462,22.0,Some-college,,Husband,Male,
081-08-1081,34.0,HS-grad,Never-married,Own-child,Female,
344-34-4344,32.0,Masters,,Wife,Female,
268-26-8268,27.0,Assoc-acdm,Never-married,Not-in-family,,<=50K
644-64-4644,44.0,HS-grad,Married-civ-spouse,Husband,Male,>50K
233-23-3233,22.0,Doctorate,Married-civ-spouse,Husband,Male,
838-83-8838,33.0,,Divorced,Not-in-family,Female,
928-92-8928,19.0,10th,,Own-child,,
087-08-7087,27.0,,Never-married,Not-in-family,Male,
914-91-4914,36.0,,Married-civ-spouse,,Male,>50K
962-96-2962,30.0,Some-college,Never-married,Wife,,<=50K
895-89-5895,17.0,,,,Female,<=50K
097-09-7097,40.0,,Married-civ-spouse,Husband,Male,>50K
140-14-0140,,Bachelors,Married-civ-spouse,,,
289-28-9289,27.0,,Separated,Not-in-family,Male,
596-59-6596,50.0,11th,,,Male,
791-79-1791,59.0,Masters,Divorced,Unmarried,,
252-25-2252,39.0,Some-college,Divorced,,,<=50K
183-18-3183,26.0,5th-6th,,Wife,Female,>50K
149-14-9149,24.0,12th,Never-married,Not-in-family,Female,
142-14-2142,43.0,HS-grad,Widowed,Other-relative,Female,
990-99-0990,59.0,7th-8th,Divorced,Not-in-family,Female,
806-80-6806,21.0,Some-college,,Not-in-family,Male,<=50K
831-83-1831,57.0,Some-college,Married-civ-spouse,Husband,,
280-28-0280,30.0,,,Other-relative,Female,
866-86-6866,45.0,HS-grad,Divorced,Unmarried,,
434-43-4434,45.0,,Married-civ-spouse,Husband,,>50K
328-32-8328,43.0,HS-grad,Separated,Own-child,Male,
567-56-7567,,Bachelors,Married-civ-spouse,Husband,Male,<=50K
310-31-0310,39.0,Masters,Married-civ-spouse,Husband,Male,>50K
479-47-9479,38.0,HS-grad,Married-civ-spouse,Husband,,<=50K
774-77-4774,39.0,HS-grad,Married-civ-spouse,,,
887-88-7887,64.0,,Married-civ-spouse,Husband,Male,>50K
792-79-2792,34.0,Some-college,Divorced,Husband,,>50K
456-45-6456,23.0,Bachelors,Never-married,Own-child,Male,
130-13-0130,43.0,10th,Married-civ-spouse,Husband,,<=50K
627-62-7627,34.0,,Never-married,,,<=50K
141-14-1141,33.0,,Divorced,Unmarried,Female,
609-60-9609,39.0,,Divorced,,Female,
797-79-7797,55.0,11th,Married-AF-spouse,Other-relative,Female,<=50K
957-95-7957,29.0,Masters,Separated,Not-in-family,Male,>50K
218-21-8218,25.0,,,Own-child,Male,<=50K
651-65-1651,33.0,HS-grad,Never-married,,Female,
531-53-1531,35.0,11th,Never-married,Other-relative,,
276-27-6276,51.0,Some-college,Married-civ-spouse,Husband,Male,>50K
304-30-4304,41.0,HS-grad,,,Female,<=50K
347-34-7347,,Prof-school,Never-married,Not-in-family,,>50K
215-21-5215,60.0,Bachelors,Married-civ-spouse,Husband,Male,
052-05-2052,52.0,9th,Married-civ-spouse,Husband,Male,<=50K
281-28-1281,39.0,,,Not-in-family,,
300-30-0300,,Assoc-acdm,Married-civ-spouse,,,<=50K
075-07-5075,35.0,Masters,,Not-in-family,Male,>50K
152-15-2152,59.0,HS-grad,Never-married,Not-in-family,,<=50K
602-60-2602,45.0,,,Not-in-family,,
068-06-8068,,,Never-married,,Female,<=50K
678-67-8678,22.0,Bachelors,Never-married,,Male,
960-96-0960,35.0,Some-college,Married-civ-spouse,,Male,
556-55-6556,29.0,Bachelors,,Not-in-family,Male,>50K
057-05-7057,25.0,HS-grad,Divorced,,Female,
028-02-8028,32.0,HS-grad,Divorced,,,<=50K
231-23-1231,72.0,Masters,Divorced,Unmarried,,
176-17-6176,41.0,,Married-civ-spouse,Husband,,<=50K
308-30-8308,28.0,,Married-civ-spouse,Husband,,<=50K
192-19-2192,48.0,7th-8th,Married-civ-spouse,Husband,Male,<=50K
240-24-0240,22.0,,Never-married,,Female,<=50K
873-87-3873,50.0,Bachelors,,Husband,Male,
529-52-9529,29.0,,Never-married,Not-in-family,Female,<=50K
581-58-1581,,12th,Never-married,Other-relative,,>50K
348-34-8348,32.0,,Married-civ-spouse,Wife,,
298-29-8298,23.0,HS-grad,,,Male,<=50K
432-43-2432,,,Married-civ-spouse,Husband,,>50K
254-25-4254,25.0,Some-college,Never-married,Not-in-family,Male,<=50K
099-09-9099,,Bachelors,Never-married,,Female,>50K
695-69-5695,41.0,HS-grad,Never-married,,,<=50K
835-83-5835,34.0,HS-grad,,Husband,Male,
317-31-7317,41.0,Bachelors,Married-civ-spouse,Husband,,
405-40-5405,,HS-grad,Never-married,Not-in-family,Male,<=50K
137-13-7137,,Bachelors,Married-civ-spouse,Husband,Male,<=50K
330-33-0330,23.0,Some-college,Never-married,Not-in-family,Male,<=50K
251-25-1251,44.0,HS-grad,Married-civ-spouse,Husband,Male,<=50K
351-35-1351,31.0,HS-grad,Divorced,Own-child,Male,<=50K
224-22-4224,29.0,Masters,,Husband,Male,>50K
810-81-0810,,10th,Divorced,Own-child,,
945-94-5945,48.0,,Married-civ-spouse,Husband,,
114-11-4114,23.0,HS-grad,Never-married,,Female,>50K
649-64-9649,30.0,HS-grad,Never-married,,,<=50K
546-54-6546,90.0,Assoc-acdm,,Not-in-family,,
041-04-1041,39.0,Masters,Widowed,Husband,Female,
786-78-6786,64.0,Bachelors,Married-civ-spouse,Husband,Male,
003-00-3003,35.0,Some-college,Never-married,Not-in-family,Male,<=50K
370-37-0370,48.0,HS-grad,Married-civ-spouse,Husband,,
401-40-1401,19.0,10th,Never-married,Own-child,Female,<=50K
318-31-8318,56.0,5th-6th,,Not-in-family,,<=50K
662-66-2662,21.0,Some-college,,Not-in-family,,
789-78-9789,54.0,7th-8th,Married-civ-spouse,,Male,<=50K
102-10-2102,32.0,HS-grad,Never-married,Unmarried,Female,
239-23-9239,36.0,Bachelors,,,Male,
226-22-6226,17.0,Masters,Never-married,Not-in-family,Female,
931-93-1931,30.0,1st-4th,Separated,,,<=50K
165-16-5165,36.0,9th,Married-civ-spouse,Wife,Female,<=50K
541-54-1541,60.0,12th,,Not-in-family,,<=50K
388-38-8388,41.0,7th-8th,Never-married,Own-child,Female,>50K
309-30-9309,,,,Husband,Male,
489-48-9489,31.0,Masters,,,Male,
360-36-0360,29.0,Bachelors,Married-civ-spouse,Husband,Male,>50K
416-41-6416,,Some-college,Married-civ-spouse,Husband,,>50K
726-72-6726,35.0,,Married-civ-spouse,Husband,Male,
815-81-5815,62.0,HS-grad,Widowed,Not-in-family,,<=50K
501-50-1501,,7th-8th,Married-spouse-absent,Wife,Male,<=50K
559-55-9559,22.0,HS-grad,Never-married,Own-child,Female,
107-10-7107,17.0,Doctorate,,Other-relative,Male,>50K
059-05-9059,75.0,Assoc-voc,Separated,Husband,,<=50K
411-41-1411,24.0,Bachelors,Never-married,Not-in-family,Female,<=50K
442-44-2442,55.0,HS-grad,Married-civ-spouse,Husband,Male,<=50K
829-82-9829,,HS-grad,,Husband,,<=50K
103-10-3103,26.0,5th-6th,Married-civ-spouse,,Male,<=50K
194-19-4194,44.0,HS-grad,Married-civ-spouse,Husband,Male,
785-78-5785,39.0,Bachelors,Married-civ-spouse,,,<=50K
049-04-9049,17.0,HS-grad,Married-civ-spouse,,,<=50K
393-39-3393,44.0,Prof-school,Married-civ-spouse,Husband,Male,
472-47-2472,25.0,HS-grad,Married-civ-spouse,Own-child,Female,<=50K
430-43-0430,34.0,HS-grad,Married-civ-spouse,Husband,Male,
339-33-9339,43.0,,Divorced,Unmarried,Female,
060-06-0060,18.0,,Never-married,Own-child,Male,
941-94-1941,71.0,HS-grad,,,Male,
570-57-0570,34.0,HS-grad,Never-married,Not-in-family,Female,
920-92-0920,44.0,Masters,Widowed,,Female,<=50K
020-02-0020,57.0,HS-grad,Married-civ-spouse,Husband,Male,>50K
302-30-2302,36.0,HS-grad,,Husband,,
158-15-8158,51.0,HS-grad,Divorced,Unmarried,Female,
053-05-3053,60.0,12th,Divorced,Not-in-family,,<=50K
260-26-0260,35.0,10th,,Husband,,<=50K
734-73-4734,35.0,,,Husband,Male,>50K
212-21-2212,61.0,Masters,Married-civ-spouse,,Male,<=50K
216-21-6216,37.0,Preschool,Never-married,Not-in-family,Female,
763-76-3763,38.0,,Never-married,,,
446-44-6446,32.0,Some-college,Married-civ-spouse,Wife,,>50K
976-97-6976,,HS-grad,,Not-in-family,,
736-73-6736,56.0,Bachelors,Divorced,Not-in-family,Female,
728-72-8728,75.0,Bachelors,Divorced,Other-relative,Male,
694-69-4694,,Bachelors,Married-civ-spouse,,Male,>50K
978-97-8978,37.0,,Married-civ-spouse,Wife,Female,
106-10-6106,28.0,Assoc-voc,Married-civ-spouse,Husband,Male,>50K
010-01-0010,,1st-4th,Married-spouse-absent,Unmarried,Male,
245-24-5245,25.0,HS-grad,Married-civ-spouse,,Male,<=50K
667-66-7667,50.0,Some-college,Divorced,Unmarried,Female,
207-20-7207,42.0,Masters,,Husband,Male,
772-77-2772,33.0,Doctorate,Never-married,Not-in-family,,
474-47-4474,,,Married-civ-spouse,Husband,,<=50K
688-68-8688,64.0,Bachelors,Never-married,Not-in-family,Female,>50K
294-29-4294,,Assoc-voc,Married-civ-spouse,,,<=50K
299-29-9299,30.0,,,,Female,
361-36-1361,61.0,,Married-civ-spouse,Husband,,>50K
735-73-5735,,,,Not-in-family,Male,<=50K
234-23-4234,44.0,Assoc-acdm,Widowed,Own-child,,<=50K
805-80-5805,60.0,Some-college,Married-civ-spouse,,Male,<=50K
312-31-2312,46.0,,Married-civ-spouse,Husband,Male,<=50K
902-90-2902,24.0,,Never-married,Husband,Female,>50K
840-84-0840,,HS-grad,,,Male,
747-74-7747,40.0,,,Other-relative,Female,<=50K
802-80-2802,37.0,,Divorced,,Female,>50K
156-15-6156,39.0,,Married-civ-spouse,Husband,,<=50K
856-85-6856,24.0,Some-college,Never-married,Own-child,Female,<=50K
893-89-3893,,Some-college,Never-married,Not-in-family,Male,<=50K
981-98-1981,46.0,HS-grad,Never-married,Not-in-family,,
991-99-1991,29.0,,Never-married,Not-in-family,Female,
146-14-6146,48.0,,Divorced,Not-in-family,Female,<=50K
320-32-0320,34.0,Assoc-acdm,Separated,Not-in-family,Male,<=50K
714-71-4714,80.0,7th-8th,Married-spouse-absent,,Male,<=50K
676-67-6676,59.0,Some-college,Separated,Wife,,<=50K
324-32-4324,43.0,,Married-spouse-absent,Unmarried,Female,<=50K
619-61-9619,84.0,Some-college,Separated,Husband,,
929-92-9929,51.0,Masters,Never-married,Own-child,,
496-49-6496,27.0,Bachelors,Married-civ-spouse,Wife,,
561-56-1561,37.0,Some-college,Married-civ-spouse,,,<=50K
297-29-7297,51.0,Assoc-voc,,Not-in-family,Female,
362-36-2362,36.0,HS-grad,Married-civ-spouse,Wife,Female,
946-94-6946,,Assoc-acdm,Married-civ-spouse,Wife,Female,
394-39-4394,36.0,Some-college,Married-civ-spouse,Husband,,
875-87-5875,34.0,12th,Divorced,,,
770-77-0770,,Bachelors,Divorced,Not-in-family,Male,
782-78-2782,61.0,10th,,Other-relative,Female,<=50K
851-85-1851,53.0,,Never-married,Not-in-family,Female,
560-56-0560,22.0,,Never-married,Own-child,Male,
583-58-3583,18.0,12th,Never-married,Own-child,Female,
327-32-7327,60.0,10th,Divorced,Other-relative,Female,>50K
645-64-5645,23.0,,Never-married,,,<=50K
591-59-1591,27.0,Assoc-voc,Widowed,Own-child,,<=50K
379-37-9379,44.0,,Divorced,Not-in-family,,
319-31-9319,24.0,HS-grad,,Not-in-family,Male,<=50K
190-19-0190,54.0,,Divorced,,Female,<=50K
338-33-8338,23.0,11th,Never-married,Not-in-family,,<=50K
122-12-2122,36.0,Doctorate,Widowed,Husband,Female,>50K
659-65-9659,45.0,12th,Married-civ-spouse,Husband,Male,
700-70-0700,26.0,Bachelors,Never-married,,Male,
271-27-1271,30.0,Assoc-acdm,Never-married,,Female,>50K
744-74-4744,63.0,11th,,Husband,Male,
719-71-9719,41.0,HS-grad,,Not-in-family,Female,<=50K
314-31-4314,69.0,Bachelors,Married-civ-spouse,Husband,,
459-45-9459,38.0,9th,Married-civ-spouse,Husband,Male,<=50K
526-52-6526,,,Married-civ-spouse,,Male,
282-28-2282,43.0,,Married-civ-spouse,Husband,,
168-16-8168,41.0,Masters,,,Male,
656-65-6656,56.0,,Married-AF-spouse,Husband,Female,<=50K
654-65-4654,25.0,HS-grad,Never-married,,,<=50K
517-51-7517,19.0,Doctorate,,Own-child,Male,
808-80-8808,36.0,Bachelors,Never-married,Not-in-family,,
951-95-1951,29.0,HS-grad,,Not-in-family,Male,<=50K
973-97-3973,38.0,,Married-civ-spouse,Wife,,<=50K
518-51-8518,30.0,Some-college,Never-married,Not-in-family,Male,<=50K
481-48-1481,,,Divorced,Unmarried,Female,
811-81-1811,25.0,Masters,Never-married,Other-relative,,>50K
088-08-8088,70.0,12th,Separated,Other-relative,,<=50K
994-99-4994,35.0,,Married-civ-spouse,,,>50K
329-32-9329,76.0,7th-8th,Separated,Own-child,,<=50K
428-42-8428,37.0,Assoc-voc,Never-married,,,<=50K
424-42-4424,42.0,Masters,Never-married,Unmarried,,<=50K
565-56-5565,33.0,HS-grad,Married-civ-spouse,Husband,,<=50K
357-35-7357,57.0,,Married-AF-spouse,Wife,,
413-41-3413,38.0,Masters,Married-civ-spouse,Husband,Male,
767-76-7767,20.0,HS-grad,Never-married,,Male,
042-04-2042,53.0,Some-college,,Husband,,<=50K
203-20-3203,23.0,9th,Never-married,Not-in-family,Female,
232-23-2232,34.0,Masters,Married-civ-spouse,Husband,Male,>50K
306-30-6306,,Masters,Never-married,Not-in-family,,<=50K
187-18-7187,40.0,HS-grad,Married-civ-spouse,,Male,
870-87-0870,,Preschool,Married-civ-spouse,Husband,Male,<=50K
185-18-5185,49.0,Bachelors,Married-civ-spouse,Husband,,>50K
992-99-2992,27.0,Bachelors,Never-married,Not-in-family,Female,<=50K
612-61-2612,31.0,Bachelors,Married-civ-spouse,,Male,<=50K
986-98-6986,55.0,Doctorate,Married-civ-spouse,Husband,,
563-56-3563,30.0,,Married-civ-spouse,Husband,,>50K
441-44-1441,63.0,HS-grad,,Husband,,>50K
709-70-9709,42.0,10th,Widowed,Unmarried,,<=50K
200-20-0200,32.0,Prof-school,Never-married,Not-in-family,Female,>50K
371-37-1371,,7th-8th,,Not-in-family,,
341-34-1341,49.0,Assoc-voc,Widowed,Unmarried,Female,<=50K
021-02-1021,52.0,Assoc-voc,,Not-in-family,,
228-22-8228,37.0,5th-6th,Divorced,Unmarried,,
886-88-6886,52.0,Prof-school,Married-civ-spouse,,,>50K
863-86-3863,32.0,,,Husband,,>50K
663-66-3663,25.0,HS-grad,Never-married,,Male,
435-43-5435,41.0,Some-college,Married-civ-spouse,Husband,Male,<=50K
259-25-9259,81.0,11th,Married-civ-spouse,Husband,Male,
655-65-5655,55.0,Some-college,,Husband,Male,<=50K
285-28-5285,53.0,Masters,Divorced,Not-in-family,,>50K
857-85-7857,30.0,Some-college,Divorced,Not-in-family,Male,<=50K
885-88-5885,80.0,Bachelors,Married-civ-spouse,Own-child,Female,
008-00-8008,31.0,Some-college,,,,
833-83-3833,22.0,,Married-civ-spouse,,Male,<=50K
731-73-1731,30.0,HS-grad,Married-civ-spouse,Husband,,
606-60-6606,45.0,Some-college,Widowed,Own-child,,<=50K
795-79-5795,35.0,,Married-civ-spouse,Husband,Male,
236-23-6236,45.0,12th,Divorced,Not-in-family,,<=50K
614-61-4614,55.0,5th-6th,Divorced,Not-in-family,Male,<=50K
383-38-3383,57.0,12th,Married-civ-spouse,Not-in-family,Male,
241-24-1241,68.0,,Never-married,Not-in-family,,
604-60-4604,49.0,Assoc-voc,Never-married,Unmarried,Female,<=50K
035-03-5035,86.0,Doctorate,,Husband,Male,>50K
469-46-9469,55.0,10th,,,,<=50K
979-97-9979,41.0,Some-college,,Wife,,<=50K
098-09-8098,49.0,HS-grad,Married-civ-spouse,Husband,Male,<=50K
225-22-5225,45.0,HS-grad,Divorced,,Female,<=50K
600-60-0600,69.0,Doctorate,Separated,Other-relative,Female,<=50K
444-44-4444,23.0,HS-grad,Never-married,,Female,<=50K
658-65-8658,36.0,,,Husband,Male,
313-31-3313,33.0,9th,Married-AF-spouse,Own-child,Female,<=50K
461-46-1461,48.0,HS-grad,Married-civ-spouse,Husband,Male,<=50K
775-77-5775,45.0,Bachelors,,Not-in-family,,<=50K
876-87-6876,21.0,11th,Never-married,Own-child,,<=50K
376-37-6376,43.0,Bachelors,Married-civ-spouse,,,
387-38-7387,48.0,Masters,,,Male,<=50K
356-35-6356,43.0,Bachelors,,Unmarried,Female,<=50K
605-60-5605,,HS-grad,Never-married,Own-child,Male,<=50K
553-55-3553,28.0,HS-grad,Never-married,,,
852-85-2852,43.0,Assoc-voc,,Other-relative,Male,>50K
524-52-4524,41.0,Assoc-acdm,Never-married,,Male,
455-45-5455,17.0,Some-college,Never-married,,,
214-21-4214,61.0,Some-college,Married-civ-spouse,Husband,Male,>50K
006-00-6006,24.0,Doctorate,Separated,Wife,,
618-61-8618,51.0,9th,,Husband,Male,>50K
044-04-4044,20.0,Some-college,Married-civ-spouse,Not-in-family,Male,
138-13-8138,,HS-grad,Married-civ-spouse,Husband,,<=50K
715-71-5715,43.0,HS-grad,Widowed,Other-relative,Female,
425-42-5425,37.0,11th,Married-civ-spouse,Wife,Female,<=50K
127-12-7127,40.0,,,Husband,,>50K
381-38-1381,25.0,9th,Married-civ-spouse,Other-relative,Female,
332-33-2332,18.0,10th,Never-married,,,
243-24-3243,32.0,HS-grad,Married-civ-spouse,Husband,,>50K
000-00-0000,53.0,,Divorced,Unmarried,,<=50K
